 Bidirectional_traffic_counter, Downlink_counter, PFCPAssociationReleaseRequest_counter, PFCPAssociationReleaseResponse_counter, PFCPAssociationSetupRequest_counter, PFCPAssociationSetupResponse_counter, PFCPAssociationUpdateRequest_counter, PFCPAssociationUpdateResponse_counter, PFCPHeartbeatRequest_counter, PFCPHeartbeatResponse_counter, PFCPNodeReportRequest_counter, PFCPNodeReportResponse_counter, PFCPPFDManagementRequest_counter, PFCPPFDManagementResponse_counter, PFCPSessionDeletionRequest_counter, PFCPSessionDeletionResponse_counter, PFCPSessionEstablishmentRequest_counter, PFCPSessionEstablishmentResponse_counter, PFCPSessionModificationRequest_counter, PFCPSessionModificationResponse_counter, PFCPSessionReportRequest_counter, PFCPSessionSetDeletionRequest_counter, PFCPSessionSetDeletionResponse_counter, PFCPVersionNotSupportedResponse_counter, Uplink_counter, bwd_packets, duration, fwd_packets,PFCPSessionReportResponse_counter,Label
0,0,0,0,0,0,0,0,23,21,0,0,0,0,0,0,0,0,0,0,0,0,0,0,0,22,110013659,22,0,Normal
0,0,0,0,0,0,0,0,809,809,0,0,0,0,0,0,790,789,0,0,0,0,0,0,0,1599,119928203,1598,0,Mal_Estab
0,0,0,0,0,0,0,0,22,22,0,0,0,0,0,0,0,0,1050,1049,0,0,0,0,0,1072,119800407,1071,0,Normal
0,0,0,0,0,0,0,0,23,21,0,0,0,0,0,0,0,0,0,0,0,0,0,0,0,22,110013405,22,0,Mal_Mod
0,0,0,0,0,0,0,0,23,21,0,0,0,0,0,0,0,0,0,0,0,0,0,0,0,23,110013183,22,0,Mal_Mod
0,0,0,0,0,0,0,0,22,22,0,0,0,0,0,0,0,0,0,1032,0,0,0,0,0,23,119801247,1053,0,Normal
0,0,0,0,0,0,0,0,23,21,0,0,0,0,0,0,0,0,0,0,0,0,0,0,0,22,110012494,21,0,Mal_Del
0,0,0,0,0,0,0,0,22,22,0,0,0,0,0,0,0,0,0,1021,0,0,0,0,0,23,119856829,1042,0,Normal
0,0,0,0,0,0,0,0,23,21,0,0,0,0,0,0,0,0,0,0,0,0,0,0,0,23,110017017,22,0,Mal_Mod
0,0,0,0,0,0,0,0,0,0,0,0,0,0,0,0,0,0,0,0,0,0,0,0,0,1,119708070,684,0,Normal
0,0,0,0,0,0,0,0,824,824,0,0,0,0,0,0,803,802,0,0,0,0,0,0,0,1627,119935534,1626,0,Mal_Estab
0,0,0,0,0,0,0,0,268,267,0,0,0,0,0,0,244,244,0,0,0,0,0,0,0,512,118982783,511,0,Mal_Estab
0,0,0,0,0,0,0,0,820,820,0,0,0,0,0,0,800,799,0,0,0,0,0,0,0,1620,119937829,1619,0,Mal_Estab
0,0,0,0,0,0,0,0,23,22,0,0,0,0,0,0,0,0,0,0,0,0,0,0,0,23,110015048,22,0,Mal_Mod2
0,0,0,0,0,0,0,0,817,817,0,0,0,0,0,0,796,795,0,0,0,0,0,0,0,1613,119953560,1612,0,Mal_Estab
0,0,0,0,0,0,0,0,23,21,0,0,0,0,0,0,0,0,0,0,0,0,0,0,0,23,110015711,22,0,Mal_Mod
0,0,0,0,0,0,0,0,22,22,0,0,0,0,0,689,0,0,0,0,0,0,0,0,0,23,119940016,710,0,Normal
0,0,0,0,0,0,0,0,22,22,0,0,0,0,0,0,0,0,0,872,0,0,0,0,0,23,119835859,893,0,Normal
0,0,0,0,0,0,0,0,21,21,0,0,0,0,0,678,0,0,0,0,0,0,0,0,0,22,119727976,698,0,Normal
0,0,0,0,0,0,0,0,23,21,0,0,0,0,0,0,0,0,0,0,0,0,0,0,0,22,110017535,22,0,Mal_Mod2
0,0,0,0,0,0,0,0,830,829,0,0,0,0,0,0,806,806,0,0,0,0,0,0,0,1636,119892611,1635,0,Mal_Estab
0,0,0,0,0,0,0,0,800,800,0,0,0,0,0,0,780,779,0,0,0,0,0,0,0,1580,119912842,1579,0,Mal_Estab
0,0,0,0,0,0,0,0,23,22,0,0,0,0,0,0,0,0,0,0,0,0,0,0,0,23,110011622,22,0,Normal
0,0,0,0,0,0,0,0,23,22,0,0,0,0,0,0,0,0,0,0,0,0,0,0,0,23,110019177,22,0,Mal_Mod
0,0,0,0,0,0,0,0,23,22,0,0,0,0,0,0,0,0,0,0,0,0,0,0,0,23,110014005,22,0,Mal_Del
0,0,0,0,0,0,0,0,798,798,0,0,0,0,0,0,777,776,0,0,0,0,0,0,0,1575,116128438,1574,0,Mal_Estab
0,0,0,0,0,0,0,0,23,22,0,0,0,0,0,0,0,0,0,0,0,0,0,0,0,22,110013601,22,0,Mal_Del
0,0,0,0,0,0,0,0,816,815,0,0,0,0,0,0,792,792,0,0,0,0,0,0,0,1608,119962482,1607,0,Mal_Estab
0,0,0,0,0,0,0,0,23,21,0,0,0,0,0,0,0,0,0,0,0,0,0,0,0,23,110013954,21,0,Mal_Del
0,0,0,0,0,0,0,0,0,0,0,0,0,0,0,0,0,0,1032,0,0,0,0,0,0,1,119842694,1031,0,Normal
0,0,0,0,0,0,0,0,23,22,0,0,0,0,0,0,0,0,0,0,0,0,0,0,0,23,110013029,22,0,Normal
0,0,0,0,0,0,0,0,23,22,0,0,0,0,0,0,0,0,0,0,0,0,0,0,0,23,110013842,22,0,Mal_Mod2
0,0,0,0,0,0,0,0,23,21,0,0,0,0,0,0,0,0,0,0,0,0,0,0,0,23,110016757,21,0,Mal_Mod2
0,0,0,0,0,0,0,0,21,21,0,0,0,0,0,0,0,0,0,1028,0,0,0,0,0,22,119912414,1048,0,Normal
0,0,0,0,0,0,0,0,23,22,0,0,0,0,0,0,0,0,0,0,0,0,0,0,0,23,110013137,22,0,Mal_Del
0,0,0,0,0,0,0,0,21,20,0,0,0,0,0,0,0,0,0,0,0,0,0,0,0,21,99011498,20,0,Mal_Del
0,0,0,0,0,0,0,0,821,820,0,0,0,0,0,0,798,798,0,0,0,0,0,0,0,1619,119957250,1618,0,Mal_Estab
0,0,0,0,0,0,0,0,23,21,0,0,0,0,0,0,0,0,0,0,0,0,0,0,0,22,110018541,22,0,Mal_Mod2
0,0,0,0,0,0,0,0,23,21,0,0,0,0,0,0,0,0,0,0,0,0,0,0,0,23,110015977,21,0,Mal_Mod
0,0,0,0,0,0,0,0,23,22,0,0,0,0,0,0,0,0,0,0,0,0,0,0,0,23,110012707,22,0,Mal_Mod
0,0,0,0,0,0,0,0,826,825,0,0,0,0,0,0,803,803,0,0,0,0,0,0,0,1630,119936352,1627,0,Mal_Estab
0,0,0,0,0,0,0,0,805,805,0,0,0,0,0,0,784,783,0,0,0,0,0,0,0,1589,119938887,1588,0,Mal_Estab
0,0,0,0,0,0,0,0,21,20,0,0,0,0,0,0,0,0,0,0,0,0,0,0,0,21,99013008,20,0,Mal_Del
0,0,0,0,0,0,0,0,23,21,0,0,0,0,0,0,0,0,0,0,0,0,0,0,0,23,110014811,21,0,Mal_Mod
0,0,0,0,0,0,0,0,22,22,0,0,0,0,0,687,0,0,0,0,0,0,0,0,0,710,119964742,709,0,Normal
0,0,0,0,0,0,0,0,23,21,0,0,0,0,0,0,0,0,0,0,0,0,0,0,0,23,110013814,21,0,Mal_Mod2
0,0,0,0,0,0,0,0,21,21,0,0,0,0,0,0,0,0,1034,1033,0,0,0,0,0,1055,119947960,1054,0,Normal
0,0,0,0,0,0,0,0,23,22,0,0,0,0,0,0,0,0,0,0,0,0,0,0,0,23,110011912,21,0,Mal_Mod2
0,0,0,0,0,0,0,0,818,818,0,0,0,0,0,0,797,796,0,0,0,0,0,0,0,1615,119947037,1614,0,Mal_Estab
0,0,0,0,0,0,0,0,22,22,0,0,0,0,0,0,0,0,913,912,0,0,0,0,0,935,119863887,934,0,Normal
0,0,0,0,0,0,0,0,23,21,0,0,0,0,0,0,0,0,0,0,0,0,0,0,0,22,110013085,21,0,Mal_Mod2
0,0,0,0,0,0,0,0,23,22,0,0,0,0,0,0,0,0,0,0,0,0,0,0,0,23,110015154,22,0,Mal_Mod2
0,0,0,0,0,0,0,0,23,22,0,0,0,0,0,0,0,0,0,0,0,0,0,0,0,22,110016033,21,0,Mal_Mod
0,0,0,0,0,0,0,0,21,20,0,0,0,0,0,0,0,0,0,0,0,0,0,0,0,21,99016106,20,0,Mal_Mod2
0,0,0,0,0,0,0,0,830,829,0,0,0,0,0,0,806,806,0,0,0,0,0,0,0,1636,119900861,1635,0,Mal_Estab
0,0,0,0,0,0,0,0,23,22,0,0,0,0,0,0,0,0,0,0,0,0,0,0,0,23,110014420,22,0,Mal_Del
0,0,0,0,0,0,0,0,22,22,0,0,0,0,0,0,0,0,913,912,0,0,0,0,0,935,119863887,934,0,Normal
0,0,0,0,0,0,0,0,819,819,0,0,0,0,0,0,799,798,0,0,0,0,0,0,0,1618,119910055,1617,0,Mal_Estab
0,0,0,0,0,0,0,0,819,819,0,0,0,0,0,0,799,798,0,0,0,0,0,0,0,1618,119923993,1617,0,Mal_Estab
0,0,0,0,0,0,0,0,23,22,0,0,0,0,0,0,0,0,0,0,0,0,0,0,0,23,110012381,22,0,Mal_Del
0,0,0,0,0,0,0,0,3,2,0,0,0,0,0,0,0,0,0,0,0,0,0,0,0,3,471,2,0,Mal_Mod
0,0,0,0,0,0,0,0,811,810,0,0,0,0,0,0,788,788,0,0,0,0,0,0,0,1600,119974810,1597,0,Mal_Estab
0,0,0,0,0,0,0,0,23,22,0,0,0,0,0,0,0,0,0,0,0,0,0,0,0,23,110017046,21,0,Mal_Mod
0,0,0,0,0,0,0,0,0,0,0,0,0,0,0,0,0,0,1045,0,0,0,0,0,0,1,119823548,1044,0,Normal
0,0,0,0,0,0,0,0,23,22,0,0,0,0,0,0,0,0,0,0,0,0,0,0,0,22,110014880,21,0,Mal_Mod
0,0,0,0,0,0,0,0,23,21,0,0,0,0,0,0,0,0,0,0,0,0,0,0,0,23,110015640,22,0,Mal_Mod
0,0,0,0,0,0,0,0,22,22,0,0,0,0,0,684,0,0,0,0,0,0,0,0,0,23,119855405,705,0,Normal
0,0,0,0,0,0,0,0,23,22,0,0,0,0,0,0,0,0,0,0,0,0,0,0,0,22,110013029,22,0,Mal_Mod2
0,0,0,0,0,0,0,0,23,21,0,0,0,0,0,0,0,0,0,0,0,0,0,0,0,23,110016806,21,0,Mal_Mod2
0,0,0,0,0,0,0,0,828,828,0,0,0,0,0,0,808,807,0,0,0,0,0,0,0,1636,119909139,1635,0,Mal_Estab
0,0,0,0,0,0,0,0,23,22,0,0,0,0,0,0,0,0,0,0,0,0,0,0,0,23,110011564,22,0,Mal_Del
0,0,0,0,0,0,0,0,816,816,0,0,0,0,0,0,795,794,0,0,0,0,0,0,0,1611,119863949,1610,0,Mal_Estab
0,0,0,0,0,0,0,0,23,22,0,0,0,0,0,0,0,0,0,0,0,0,0,0,0,23,110012382,22,0,Mal_Mod
0,0,0,0,0,0,0,0,23,21,0,0,0,0,0,0,0,0,0,0,0,0,0,0,0,23,110015263,22,0,Mal_Mod2
0,0,0,0,0,0,0,0,23,22,0,0,0,0,0,0,0,0,0,0,0,0,0,0,0,23,110014303,22,0,Mal_Mod2
0,0,0,0,0,0,0,0,23,21,0,0,0,0,0,0,0,0,0,0,0,0,0,0,0,23,110013224,22,0,Mal_Del
0,0,0,0,0,0,0,0,21,20,0,0,0,0,0,0,0,0,0,0,0,0,0,0,0,21,99010187,20,0,Normal
0,0,0,0,0,0,0,0,23,21,0,0,0,0,0,0,0,0,0,0,0,0,0,0,0,22,110012842,21,0,Mal_Del
0,0,0,0,0,0,0,0,22,22,0,0,0,0,0,686,0,0,0,0,0,0,0,0,0,709,119808888,708,0,Normal
0,0,0,0,0,0,0,0,23,22,0,0,0,0,0,0,0,0,0,0,0,0,0,0,0,23,110010731,22,0,Mal_Mod
0,0,0,0,0,0,0,0,22,22,0,0,0,0,0,0,0,0,0,910,0,0,0,0,0,23,119887961,931,0,Normal
0,0,0,0,0,0,0,0,23,21,0,0,0,0,0,0,0,0,0,0,0,0,0,0,0,22,110013241,22,0,Mal_Mod
0,0,0,0,0,0,0,0,23,22,0,0,0,0,0,0,0,0,0,0,0,0,0,0,0,23,110014589,22,0,Mal_Mod2
0,0,0,0,0,0,0,0,23,22,0,0,0,0,0,0,0,0,0,0,0,0,0,0,0,23,110014042,22,0,Mal_Mod2
0,0,0,0,0,0,0,0,825,825,0,0,0,0,0,0,804,803,0,0,0,0,0,0,0,1629,119937907,1628,0,Mal_Estab
0,0,0,0,0,0,0,0,0,0,0,0,0,0,0,0,0,0,1022,0,0,0,0,0,0,1,119952781,1021,0,Normal
0,0,0,0,0,0,0,0,22,22,0,0,0,0,0,623,0,0,0,0,0,0,0,0,0,23,119852590,644,0,Normal
0,0,0,0,0,0,0,0,833,833,0,0,0,0,0,0,813,812,0,0,0,0,0,0,0,1646,119842864,1645,0,Mal_Estab
0,0,0,0,0,0,0,0,22,22,0,0,0,0,0,0,0,0,0,1042,0,0,0,0,0,23,119874923,1063,0,Normal
0,0,0,0,0,0,0,0,827,826,0,0,0,0,0,0,804,804,0,0,0,0,0,0,0,1631,119899752,1630,0,Mal_Estab
0,0,0,0,0,0,0,0,21,20,0,0,0,0,0,0,0,0,0,0,0,0,0,0,0,21,99013943,20,0,Mal_Mod
0,0,0,0,0,0,0,0,23,21,0,0,0,0,0,0,0,0,0,0,0,0,0,0,0,22,110011363,21,0,Mal_Mod
0,0,0,0,0,0,0,0,820,819,0,0,0,0,0,0,796,796,0,0,0,0,0,0,0,1616,119928060,1615,0,Mal_Estab
0,0,0,0,0,0,0,0,0,0,0,0,0,0,0,0,0,0,1061,0,0,0,0,0,0,1,119811347,1060,0,Normal
0,0,0,0,0,0,0,0,23,21,0,0,0,0,0,0,0,0,0,0,0,0,0,0,0,23,110016899,22,0,Mal_Mod
0,0,0,0,0,0,0,0,0,0,0,0,0,0,0,0,0,0,924,0,0,0,0,0,0,1,119771990,923,0,Normal
0,0,0,0,0,0,0,0,23,22,0,0,0,0,0,0,0,0,0,0,0,0,0,0,0,23,110012178,22,0,Mal_Mod2
0,0,0,0,0,0,0,0,21,20,0,0,0,0,0,0,0,0,0,0,0,0,0,0,0,21,99012503,20,0,Mal_Del
0,0,0,0,0,0,0,0,23,22,0,0,0,0,0,0,0,0,0,0,0,0,0,0,0,23,110012643,22,0,Mal_Del
0,0,0,0,0,0,0,0,821,821,0,0,0,0,0,0,800,799,0,0,0,0,0,0,0,1621,119869795,1620,0,Mal_Estab
0,0,0,0,0,0,0,0,23,22,0,0,0,0,0,0,0,0,0,0,0,0,0,0,0,23,110013341,22,0,Mal_Del
0,0,0,0,0,0,0,0,23,21,0,0,0,0,0,0,0,0,0,0,0,0,0,0,0,23,110028171,22,0,Mal_Mod2
0,0,0,0,0,0,0,0,23,21,0,0,0,0,0,0,0,0,0,0,0,0,0,0,0,22,110012722,21,0,Normal
0,0,0,0,0,0,0,0,23,21,0,0,0,0,0,0,0,0,0,0,0,0,0,0,0,23,110012816,21,0,Mal_Mod2
0,0,0,0,0,0,0,0,23,21,0,0,0,0,0,0,0,0,0,0,0,0,0,0,0,23,110012459,22,0,Mal_Del
0,0,0,0,0,0,0,0,0,0,0,0,0,0,0,0,0,0,1057,0,0,0,0,0,0,1,119899705,1056,0,Normal
0,0,0,0,0,0,0,0,23,22,0,0,0,0,0,0,0,0,0,0,0,0,0,0,0,23,110011445,22,0,Normal
0,0,0,0,0,0,0,0,23,21,0,0,0,0,0,0,0,0,0,0,0,0,0,0,0,22,110060283,22,0,Mal_Mod2
0,0,0,0,0,0,0,0,23,22,0,0,0,0,0,0,0,0,0,0,0,0,0,0,0,23,110013781,22,0,Mal_Mod2
0,0,0,0,0,0,0,0,23,22,0,0,0,0,0,0,0,0,0,0,0,0,0,0,0,23,110013010,21,0,Normal
0,0,0,0,0,0,0,0,820,819,0,0,0,0,0,0,796,796,0,0,0,0,0,0,0,1616,119856637,1615,0,Mal_Estab
0,0,0,0,0,0,0,0,0,0,0,0,0,0,0,0,0,0,1057,0,0,0,0,0,0,1,119899705,1056,0,Normal
0,0,0,0,0,0,0,0,21,21,0,0,0,0,0,681,0,0,0,0,0,0,0,0,0,703,119876634,702,0,Normal
0,0,0,0,0,0,0,0,23,22,0,0,0,0,0,0,0,0,0,0,0,0,0,0,0,23,110016700,22,0,Mal_Mod
0,0,0,0,0,0,0,0,23,22,0,0,0,0,0,0,0,0,0,0,0,0,0,0,0,23,110019047,22,0,Mal_Mod2
0,0,0,0,0,0,0,0,22,22,0,0,0,0,0,0,0,0,0,1022,0,0,0,0,0,23,119854611,1043,0,Normal
0,0,0,0,0,0,0,0,21,20,0,0,0,0,0,0,0,0,0,0,0,0,0,0,0,21,99011464,20,0,Mal_Mod2
0,0,0,0,0,0,0,0,0,0,0,0,0,0,0,0,0,0,1020,0,0,0,0,0,0,1,119888895,1019,0,Normal
0,0,0,0,0,0,0,0,0,0,0,0,0,0,0,0,0,0,0,0,0,0,0,0,0,1,119727601,689,0,Normal
0,0,0,0,0,0,0,0,819,819,0,0,0,0,0,0,799,798,0,0,0,0,0,0,0,1618,119914093,1617,0,Mal_Estab
0,0,0,0,0,0,0,0,23,21,0,0,0,0,0,0,0,0,0,0,0,0,0,0,0,23,110012129,21,0,Mal_Del
0,0,0,0,0,0,0,0,23,22,0,0,0,0,0,0,0,0,0,0,0,0,0,0,0,23,110013037,22,0,Normal
0,0,0,0,0,0,0,0,23,22,0,0,0,0,0,0,0,0,0,0,0,0,0,0,0,23,110013464,22,0,Mal_Del
0,0,0,0,0,0,0,0,23,21,0,0,0,0,0,0,0,0,0,0,0,0,0,0,0,23,110016907,22,0,Mal_Mod
0,0,0,0,0,0,0,0,22,22,0,0,0,0,0,683,0,0,0,0,0,0,0,0,0,706,119916281,705,0,Normal
0,0,0,0,0,0,0,0,783,782,0,0,0,0,0,0,759,759,0,0,0,0,0,0,0,1542,119855367,1541,0,Mal_Estab
0,0,0,0,0,0,0,0,813,813,0,0,0,0,0,0,793,792,0,0,0,0,0,0,0,1606,119948932,1605,0,Mal_Estab
0,0,0,0,0,0,0,0,0,0,0,0,0,0,0,0,0,0,1056,0,0,0,0,0,0,1,119939740,1055,0,Normal
0,0,0,0,0,0,0,0,816,816,0,0,0,0,0,0,796,795,0,0,0,0,0,0,0,1612,119958071,1611,0,Mal_Estab
0,0,0,0,0,0,0,0,814,814,0,0,0,0,0,0,793,792,0,0,0,0,0,0,0,1607,119900821,1606,0,Mal_Estab
0,0,0,0,0,0,0,0,23,22,0,0,0,0,0,0,0,0,0,0,0,0,0,0,0,22,110011370,22,0,Mal_Del
0,0,0,0,0,0,0,0,22,22,0,0,0,0,0,0,0,0,924,923,0,0,0,0,0,946,119867460,945,0,Normal
0,0,0,0,0,0,0,0,23,22,0,0,0,0,0,0,0,0,0,0,0,0,0,0,0,22,110013062,22,0,Mal_Mod2
0,0,0,0,0,0,0,0,23,21,0,0,0,0,0,0,0,0,0,0,0,0,0,0,0,23,110015982,21,0,Mal_Mod2
0,0,0,0,0,0,0,0,21,20,0,0,0,0,0,0,0,0,0,0,0,0,0,0,0,21,99014625,20,0,Mal_Mod2
0,0,0,0,0,0,0,0,23,21,0,0,0,0,0,0,0,0,0,0,0,0,0,0,0,22,110019375,21,0,Mal_Mod
0,0,0,0,0,0,0,0,23,22,0,0,0,0,0,0,0,0,0,0,0,0,0,0,0,23,110012127,22,0,Mal_Del
0,0,0,0,0,0,0,0,810,810,0,0,0,0,0,0,789,788,0,0,0,0,0,0,0,1599,119921303,1598,0,Mal_Estab
0,0,0,0,0,0,0,0,825,824,0,0,0,0,0,0,802,802,0,0,0,0,0,0,0,1628,119975663,1625,0,Mal_Estab
0,0,0,0,0,0,0,0,23,21,0,0,0,0,0,0,0,0,0,0,0,0,0,0,0,23,110017160,22,0,Mal_Mod
0,0,0,0,0,0,0,0,824,824,0,0,0,0,0,0,803,802,0,0,0,0,0,0,0,1627,119977638,1626,0,Mal_Estab
0,0,0,0,0,0,0,0,23,21,0,0,0,0,0,0,0,0,0,0,0,0,0,0,0,22,110015234,21,0,Mal_Mod
0,0,0,0,0,0,0,0,22,22,0,0,0,0,0,0,0,0,0,1023,0,0,0,0,0,23,119887182,1044,0,Normal
0,0,0,0,0,0,0,0,23,22,0,0,0,0,0,0,0,0,0,0,0,0,0,0,0,23,110014015,22,0,Mal_Del
0,0,0,0,0,0,0,0,23,22,0,0,0,0,0,0,0,0,0,0,0,0,0,0,0,22,110013617,22,0,Mal_Del
0,0,0,0,0,0,0,0,23,22,0,0,0,0,0,0,0,0,0,0,0,0,0,0,0,23,110012702,21,0,Mal_Del
0,0,0,0,0,0,0,0,23,22,0,0,0,0,0,0,0,0,0,0,0,0,0,0,0,23,110011053,22,0,Mal_Mod
0,0,0,0,0,0,0,0,23,21,0,0,0,0,0,0,0,0,0,0,0,0,0,0,0,23,110014766,21,0,Mal_Mod
0,0,0,0,0,0,0,0,21,20,0,0,0,0,0,0,0,0,0,0,0,0,0,0,0,21,99013962,20,0,Mal_Mod2
0,0,0,0,0,0,0,0,23,22,0,0,0,0,0,0,0,0,0,0,0,0,0,0,0,22,110015222,21,0,Mal_Mod
0,0,0,0,0,0,0,0,824,824,0,0,0,0,0,0,803,802,0,0,0,0,0,0,0,1627,119928130,1626,0,Mal_Estab
0,0,0,0,0,0,0,0,23,21,0,0,0,0,0,0,0,0,0,0,0,0,0,0,0,22,110014681,22,0,Mal_Mod2
0,0,0,0,0,0,0,0,23,22,0,0,0,0,0,0,0,0,0,0,0,0,0,0,0,23,110015943,22,0,Mal_Mod
0,0,0,0,0,0,0,0,806,805,0,0,0,0,0,0,782,782,0,0,0,0,0,0,0,1588,119915073,1587,0,Mal_Estab
0,0,0,0,0,0,0,0,22,22,0,0,0,0,0,624,0,0,0,0,0,0,0,0,0,23,119636357,645,0,Normal
0,0,0,0,0,0,0,0,818,818,0,0,0,0,0,0,798,797,0,0,0,0,0,0,0,1616,119894735,1615,0,Mal_Estab
0,0,0,0,0,0,0,0,23,22,0,0,0,0,0,0,0,0,0,0,0,0,0,0,0,23,110021053,22,0,Mal_Mod2
0,0,0,0,0,0,0,0,823,823,0,0,0,0,0,0,802,801,0,0,0,0,0,0,0,1625,119962200,1624,0,Mal_Estab
0,0,0,0,0,0,0,0,23,21,0,0,0,0,0,0,0,0,0,0,0,0,0,0,0,23,110013860,22,0,Mal_Mod
0,0,0,0,0,0,0,0,23,21,0,0,0,0,0,0,0,0,0,0,0,0,0,0,0,23,110015562,22,0,Mal_Mod2
0,0,0,0,0,0,0,0,23,21,0,0,0,0,0,0,0,0,0,0,0,0,0,0,0,22,110014007,21,0,Mal_Del
0,0,0,0,0,0,0,0,21,20,0,0,0,0,0,0,0,0,0,0,0,0,0,0,0,21,99010318,20,0,Mal_Mod
0,0,0,0,0,0,0,0,23,22,0,0,0,0,0,0,0,0,0,0,0,0,0,0,0,23,110017315,22,0,Mal_Mod
0,0,0,0,0,0,0,0,22,22,0,0,0,0,0,685,0,0,0,0,0,0,0,0,0,708,119876091,707,0,Normal
0,0,0,0,0,0,0,0,23,21,0,0,0,0,0,0,0,0,0,0,0,0,0,0,0,23,110013648,21,0,Mal_Del
0,0,0,0,0,0,0,0,22,22,0,0,0,0,0,0,0,0,1024,1023,0,0,0,0,0,1046,119860542,1045,0,Normal
0,0,0,0,0,0,0,0,23,22,0,0,0,0,0,0,0,0,0,0,0,0,0,0,0,23,110015559,22,0,Mal_Mod
0,0,0,0,0,0,0,0,824,823,0,0,0,0,0,0,800,800,0,0,0,0,0,0,0,1624,119932289,1623,0,Mal_Estab
0,0,0,0,0,0,0,0,23,21,0,0,0,0,0,0,0,0,0,0,0,0,0,0,0,23,110018035,22,0,Mal_Mod
0,0,0,0,0,0,0,0,23,22,0,0,0,0,0,0,0,0,0,0,0,0,0,0,0,23,110012822,22,0,Mal_Del
0,0,0,0,0,0,0,0,23,22,0,0,0,0,0,0,0,0,0,0,0,0,0,0,0,23,110013060,21,0,Mal_Del
0,0,0,0,0,0,0,0,23,21,0,0,0,0,0,0,0,0,0,0,0,0,0,0,0,23,110011763,22,0,Mal_Mod
0,0,0,0,0,0,0,0,23,21,0,0,0,0,0,0,0,0,0,0,0,0,0,0,0,23,110016834,21,0,Mal_Mod2
0,0,0,0,0,0,0,0,22,22,0,0,0,0,0,0,0,0,938,937,0,0,0,0,0,960,119893914,959,0,Normal
0,0,0,0,0,0,0,0,23,21,0,0,0,0,0,0,0,0,0,0,0,0,0,0,0,23,110013651,22,0,Mal_Del
0,0,0,0,0,0,0,0,23,21,0,0,0,0,0,0,0,0,0,0,0,0,0,0,0,22,110016332,22,0,Mal_Mod2
0,0,0,0,0,0,0,0,21,20,0,0,0,0,0,0,0,0,0,0,0,0,0,0,0,21,99010781,20,0,Mal_Del
0,0,0,0,0,0,0,0,23,22,0,0,0,0,0,0,0,0,0,0,0,0,0,0,0,23,110012034,22,0,Mal_Del
0,0,0,0,0,0,0,0,23,22,0,0,0,0,0,0,0,0,0,0,0,0,0,0,0,23,110012752,22,0,Mal_Del
0,0,0,0,0,0,0,0,23,21,0,0,0,0,0,0,0,0,0,0,0,0,0,0,0,23,110012607,22,0,Mal_Del
0,0,0,0,0,0,0,0,23,21,0,0,0,0,0,0,0,0,0,0,0,0,0,0,0,23,110014497,22,0,Mal_Mod
0,0,0,0,0,0,0,0,23,22,0,0,0,0,0,0,0,0,0,0,0,0,0,0,0,23,110012902,22,0,Mal_Del
0,0,0,0,0,0,0,0,23,22,0,0,0,0,0,0,0,0,0,0,0,0,0,0,0,23,110013184,22,0,Mal_Mod2
0,0,0,0,0,0,0,0,23,21,0,0,0,0,0,0,0,0,0,0,0,0,0,0,0,23,110013506,22,0,Mal_Del
0,0,0,0,0,0,0,0,822,822,0,0,0,0,0,0,801,800,0,0,0,0,0,0,0,1623,119880410,1622,0,Mal_Estab
0,0,0,0,0,0,0,0,0,0,0,0,0,0,0,0,0,0,1038,0,0,0,0,0,0,1,119877089,1037,0,Normal
0,0,0,0,0,0,0,0,23,22,0,0,0,0,0,0,0,0,0,0,0,0,0,0,0,23,110013139,21,0,Mal_Del
0,0,0,0,0,0,0,0,23,22,0,0,0,0,0,0,0,0,0,0,0,0,0,0,0,23,110013771,22,0,Mal_Mod
0,0,0,0,0,0,0,0,23,21,0,0,0,0,0,0,0,0,0,0,0,0,0,0,0,22,110015020,22,0,Mal_Mod
0,0,0,0,0,0,0,0,23,22,0,0,0,0,0,0,0,0,0,0,0,0,0,0,0,23,110010888,22,0,Mal_Del
0,0,0,0,0,0,0,0,817,817,0,0,0,0,0,0,796,795,0,0,0,0,0,0,0,1613,119883471,1612,0,Mal_Estab
0,0,0,0,0,0,0,0,23,22,0,0,0,0,0,0,0,0,0,0,0,0,0,0,0,23,110012637,22,0,Mal_Del
0,0,0,0,0,0,0,0,771,771,0,0,0,0,0,0,750,749,0,0,0,0,0,0,0,1521,119911566,1520,0,Mal_Estab
0,0,0,0,0,0,0,0,23,21,0,0,0,0,0,0,0,0,0,0,0,0,0,0,0,23,110011550,21,0,Mal_Del
0,0,0,0,0,0,0,0,22,22,0,0,0,0,0,0,0,0,938,937,0,0,0,0,0,960,119893914,959,0,Normal
0,0,0,0,0,0,0,0,23,22,0,0,0,0,0,0,0,0,0,0,0,0,0,0,0,22,110016186,22,0,Mal_Mod
0,0,0,0,0,0,0,0,23,21,0,0,0,0,0,0,0,0,0,0,0,0,0,0,0,22,110013530,22,0,Mal_Mod
0,0,0,0,0,0,0,0,810,810,0,0,0,0,0,0,790,789,0,0,0,0,0,0,0,1600,119963211,1599,0,Mal_Estab
0,0,0,0,0,0,0,0,815,814,0,0,0,0,0,0,791,791,0,0,0,0,0,0,0,1606,119961383,1605,0,Mal_Estab
0,0,0,0,0,0,0,0,23,22,0,0,0,0,0,0,0,0,0,0,0,0,0,0,0,23,110016086,22,0,Mal_Mod
0,0,0,0,0,0,0,0,23,21,0,0,0,0,0,0,0,0,0,0,0,0,0,0,0,22,110015344,22,0,Mal_Mod
0,0,0,0,0,0,0,0,23,22,0,0,0,0,0,0,0,0,0,0,0,0,0,0,0,22,110011670,22,0,Mal_Del
0,0,0,0,0,0,0,0,23,21,0,0,0,0,0,0,0,0,0,0,0,0,0,0,0,22,110015597,22,0,Mal_Mod2
0,0,0,0,0,0,0,0,795,795,0,0,0,0,0,0,774,773,0,0,0,0,0,0,0,1569,119869294,1568,0,Mal_Estab
0,0,0,0,0,0,0,0,23,21,0,0,0,0,0,0,0,0,0,0,0,0,0,0,0,22,110015074,21,0,Mal_Mod2
0,0,0,0,0,0,0,0,23,21,0,0,0,0,0,0,0,0,0,0,0,0,0,0,0,22,110017424,21,0,Mal_Mod
0,0,0,0,0,0,0,0,814,813,0,0,0,0,0,0,791,791,0,0,0,0,0,0,0,1605,119929296,1604,0,Mal_Estab
0,0,0,0,0,0,0,0,23,21,0,0,0,0,0,0,0,0,0,0,0,0,0,0,0,23,110012995,21,0,Normal
0,0,0,0,0,0,0,0,23,22,0,0,0,0,0,0,0,0,0,0,0,0,0,0,0,23,110016216,22,0,Mal_Del
0,0,0,0,0,0,0,0,21,20,0,0,0,0,0,0,0,0,0,0,0,0,0,0,0,21,99011601,20,0,Normal
0,0,0,0,0,0,0,0,815,815,0,0,0,0,0,0,794,793,0,0,0,0,0,0,0,1609,119863222,1608,0,Mal_Estab
0,0,0,0,0,0,0,0,23,21,0,0,0,0,0,0,0,0,0,0,0,0,0,0,0,23,110014402,22,0,Mal_Del
0,0,0,0,0,0,0,0,820,820,0,0,0,0,0,0,800,799,0,0,0,0,0,0,0,1620,119899613,1619,0,Mal_Estab
0,0,0,0,0,0,0,0,23,21,0,0,0,0,0,0,0,0,0,0,0,0,0,0,0,22,110012642,22,0,Normal
0,0,0,0,0,0,0,0,23,21,0,0,0,0,0,0,0,0,0,0,0,0,0,0,0,23,110019341,22,0,Mal_Mod
0,0,0,0,0,0,0,0,23,22,0,0,0,0,0,0,0,0,0,0,0,0,0,0,0,22,110011330,21,0,Normal
0,0,0,0,0,0,0,0,23,22,0,0,0,0,0,0,0,0,0,0,0,0,0,0,0,22,110012843,22,0,Mal_Del
0,0,0,0,0,0,0,0,22,22,0,0,0,0,0,0,0,0,0,1026,0,0,0,0,0,23,119895655,1047,0,Normal
0,0,0,0,0,0,0,0,23,22,0,0,0,0,0,0,0,0,0,0,0,0,0,0,0,23,110012410,22,0,Mal_Mod
0,0,0,0,0,0,0,0,23,22,0,0,0,0,0,0,0,0,0,0,0,0,0,0,0,23,110013098,22,0,Mal_Del
0,0,0,0,0,0,0,0,800,799,0,0,0,0,0,0,776,776,0,0,0,0,0,0,0,1577,119891918,1574,0,Mal_Estab
0,0,0,0,0,0,0,0,816,816,0,0,0,0,0,0,796,795,0,0,0,0,0,0,0,1612,119979270,1611,0,Mal_Estab
0,0,0,0,0,0,0,0,23,22,0,0,0,0,0,0,0,0,0,0,0,0,0,0,0,23,110012508,22,0,Normal
0,0,0,0,0,0,0,0,23,22,0,0,0,0,0,0,0,0,0,0,0,0,0,0,0,23,110019973,22,0,Mal_Mod2
0,0,0,0,0,0,0,0,23,22,0,0,0,0,0,0,0,0,0,0,0,0,0,0,0,23,110011318,22,0,Mal_Del
0,0,0,0,0,0,0,0,0,0,0,0,0,0,0,0,0,0,1043,0,0,0,0,0,0,1,119864399,1042,0,Normal
0,0,0,0,0,0,0,0,21,20,0,0,0,0,0,0,0,0,0,0,0,0,0,0,0,21,99011252,20,0,Mal_Mod2
0,0,0,0,0,0,0,0,23,22,0,0,0,0,0,0,0,0,0,0,0,0,0,0,0,23,110016566,22,0,Mal_Mod2
0,0,0,0,0,0,0,0,23,22,0,0,0,0,0,0,0,0,0,0,0,0,0,0,0,23,110014027,22,0,Mal_Mod
0,0,0,0,0,0,0,0,23,21,0,0,0,0,0,0,0,0,0,0,0,0,0,0,0,22,110013353,22,0,Mal_Del
0,0,0,0,0,0,0,0,23,21,0,0,0,0,0,0,0,0,0,0,0,0,0,0,0,23,110012853,22,0,Mal_Del
0,0,0,0,0,0,0,0,23,22,0,0,0,0,0,0,0,0,0,0,0,0,0,0,0,23,110012213,21,0,Mal_Del
0,0,0,0,0,0,0,0,23,22,0,0,0,0,0,0,0,0,0,0,0,0,0,0,0,23,110015803,21,0,Mal_Mod2
0,0,0,0,0,0,0,0,819,818,0,0,0,0,0,0,795,795,0,0,0,0,0,0,0,1614,119980846,1613,0,Mal_Estab
0,0,0,0,0,0,0,0,23,21,0,0,0,0,0,0,0,0,0,0,0,0,0,0,0,23,110021873,22,0,Mal_Mod2
0,0,0,0,0,0,0,0,23,21,0,0,0,0,0,0,0,0,0,0,0,0,0,0,0,22,110017964,22,0,Mal_Mod2
0,0,0,0,0,0,0,0,813,813,0,0,0,0,0,0,793,792,0,0,0,0,0,0,0,1606,119930830,1605,0,Mal_Estab
0,0,0,0,0,0,0,0,815,814,0,0,0,0,0,0,793,793,0,0,0,0,0,0,0,1609,119927954,1606,0,Mal_Estab
0,0,0,0,0,0,0,0,23,21,0,0,0,0,0,0,0,0,0,0,0,0,0,0,0,23,110014254,22,0,Mal_Mod2
0,0,0,0,0,0,0,0,22,22,0,0,0,0,0,0,0,0,0,1021,0,0,0,0,0,23,119895389,1042,0,Normal
0,0,0,0,0,0,0,0,23,22,0,0,0,0,0,0,0,0,0,0,0,0,0,0,0,23,110018087,22,0,Mal_Mod
0,0,0,0,0,0,0,0,23,22,0,0,0,0,0,0,0,0,0,0,0,0,0,0,0,22,110015243,22,0,Mal_Mod2
0,0,0,0,0,0,0,0,0,0,0,0,0,0,0,0,0,0,0,0,0,0,0,0,0,1,119759893,689,0,Normal
0,0,0,0,0,0,0,0,23,22,0,0,0,0,0,0,0,0,0,0,0,0,0,0,0,23,110013432,22,0,Mal_Del
0,0,0,0,0,0,0,0,23,21,0,0,0,0,0,0,0,0,0,0,0,0,0,0,0,23,110014139,21,0,Mal_Mod2
0,0,0,0,0,0,0,0,22,22,0,0,0,0,0,685,0,0,0,0,0,0,0,0,0,708,119840047,707,0,Normal
0,0,0,0,0,0,0,0,23,22,0,0,0,0,0,0,0,0,0,0,0,0,0,0,0,23,110014242,22,0,Mal_Mod2
0,0,0,0,0,0,0,0,23,22,0,0,0,0,0,0,0,0,0,0,0,0,0,0,0,23,110013858,22,0,Mal_Mod2
0,0,0,0,0,0,0,0,23,21,0,0,0,0,0,0,0,0,0,0,0,0,0,0,0,23,110013124,22,0,Mal_Mod2
0,0,0,0,0,0,0,0,23,22,0,0,0,0,0,0,0,0,0,0,0,0,0,0,0,22,110012147,22,0,Mal_Mod2
0,0,0,0,0,0,0,0,23,22,0,0,0,0,0,0,0,0,0,0,0,0,0,0,0,23,110014298,22,0,Mal_Del
0,0,0,0,0,0,0,0,23,21,0,0,0,0,0,0,0,0,0,0,0,0,0,0,0,23,110015456,22,0,Mal_Mod2
0,0,0,0,0,0,0,0,23,21,0,0,0,0,0,0,0,0,0,0,0,0,0,0,0,23,110014414,22,0,Mal_Del
0,0,0,0,0,0,0,0,0,0,0,0,0,0,0,0,0,0,1032,0,0,0,0,0,0,1,119842694,1031,0,Normal
0,0,0,0,0,0,0,0,0,0,0,0,0,0,0,0,0,0,0,0,0,0,0,0,0,1,119831565,690,0,Normal
0,0,0,0,0,0,0,0,816,816,0,0,0,0,0,0,796,795,0,0,0,0,0,0,0,1612,119868360,1611,0,Mal_Estab
0,0,0,0,0,0,0,0,23,21,0,0,0,0,0,0,0,0,0,0,0,0,0,0,0,23,110016944,22,0,Mal_Mod
0,0,0,0,0,0,0,0,23,21,0,0,0,0,0,0,0,0,0,0,0,0,0,0,0,23,110014599,21,0,Mal_Mod
0,0,0,0,0,0,0,0,23,22,0,0,0,0,0,0,0,0,0,0,0,0,0,0,0,23,110018181,22,0,Mal_Mod2
0,0,0,0,0,0,0,0,807,807,0,0,0,0,0,0,786,785,0,0,0,0,0,0,0,1593,119980825,1592,0,Mal_Estab
0,0,0,0,0,0,0,0,21,21,0,0,0,0,0,692,0,0,0,0,0,0,0,0,0,22,119900123,712,0,Normal
0,0,0,0,0,0,0,0,21,20,0,0,0,0,0,0,0,0,0,0,0,0,0,0,0,21,99011894,20,0,Mal_Del
0,0,0,0,0,0,0,0,811,810,0,0,0,0,0,0,788,788,0,0,0,0,0,0,0,1599,119960557,1598,0,Mal_Estab
0,0,0,0,0,0,0,0,22,22,0,0,0,0,0,690,0,0,0,0,0,0,0,0,0,713,119852389,712,0,Normal
0,0,0,0,0,0,0,0,23,21,0,0,0,0,0,0,0,0,0,0,0,0,0,0,0,23,110011588,22,0,Normal
0,0,0,0,0,0,0,0,21,20,0,0,0,0,0,0,0,0,0,0,0,0,0,0,0,21,99013760,20,0,Mal_Mod
0,0,0,0,0,0,0,0,22,22,0,0,0,0,0,0,0,0,1032,1031,0,0,0,0,0,1054,119811734,1053,0,Normal
0,0,0,0,0,0,0,0,23,21,0,0,0,0,0,0,0,0,0,0,0,0,0,0,0,23,110016857,21,0,Mal_Mod2
0,0,0,0,0,0,0,0,821,820,0,0,0,0,0,0,798,798,0,0,0,0,0,0,0,1619,119902633,1618,0,Mal_Estab
0,0,0,0,0,0,0,0,23,21,0,0,0,0,0,0,0,0,0,0,0,0,0,0,0,23,110013311,22,0,Mal_Mod
0,0,0,0,0,0,0,0,0,0,0,0,0,0,0,0,0,0,1037,0,0,0,0,0,0,1,119867625,1036,0,Normal
0,0,0,0,0,0,0,0,822,822,0,0,0,0,0,0,802,801,0,0,0,0,0,0,0,1624,119942226,1623,0,Mal_Estab
0,0,0,0,0,0,0,0,828,827,0,0,0,0,0,0,804,804,0,0,0,0,0,0,0,1632,119913414,1631,0,Mal_Estab
0,0,0,0,0,0,0,0,783,783,0,0,0,0,0,0,762,761,0,0,0,0,0,0,0,1545,119887945,1544,0,Mal_Estab
0,0,0,0,0,0,0,0,23,21,0,0,0,0,0,0,0,0,0,0,0,0,0,0,0,23,110013539,22,0,Normal
0,0,0,0,0,0,0,0,811,810,0,0,0,0,0,0,789,789,0,0,0,0,0,0,0,1600,119924934,1599,0,Mal_Estab
0,0,0,0,0,0,0,0,21,21,0,0,0,0,0,0,0,0,0,1028,0,0,0,0,0,22,119912414,1048,0,Normal
0,0,0,0,0,0,0,0,22,22,0,0,0,0,0,0,0,0,0,1027,0,0,0,0,0,23,119834991,1048,0,Normal
0,0,0,0,0,0,0,0,23,22,0,0,0,0,0,0,0,0,0,0,0,0,0,0,0,22,110012055,21,0,Mal_Del
0,0,0,0,0,0,0,0,23,21,0,0,0,0,0,0,0,0,0,0,0,0,0,0,0,23,110016571,22,0,Mal_Mod
0,0,0,0,0,0,0,0,23,21,0,0,0,0,0,0,0,0,0,0,0,0,0,0,0,22,110013798,21,0,Mal_Mod
0,0,0,0,0,0,0,0,23,22,0,0,0,0,0,0,0,0,0,0,0,0,0,0,0,23,110012247,22,0,Mal_Mod2
0,0,0,0,0,0,0,0,23,22,0,0,0,0,0,0,0,0,0,0,0,0,0,0,0,23,110015047,22,0,Mal_Mod2
0,0,0,0,0,0,0,0,23,21,0,0,0,0,0,0,0,0,0,0,0,0,0,0,0,23,110016406,22,0,Mal_Mod
0,0,0,0,0,0,0,0,21,21,0,0,0,0,0,690,0,0,0,0,0,0,0,0,0,22,119824168,710,0,Normal
0,0,0,0,0,0,0,0,23,21,0,0,0,0,0,0,0,0,0,0,0,0,0,0,0,22,110010371,22,0,Mal_Del
0,0,0,0,0,0,0,0,23,22,0,0,0,0,0,1,1,1,1,1,0,0,0,0,0,26,110022703,25,0,Mal_Mod
0,0,0,0,0,0,0,0,23,22,0,0,0,0,0,0,0,0,0,0,0,0,0,0,0,23,110028009,22,0,Mal_Mod2
0,0,0,0,0,0,0,0,23,21,0,0,0,0,0,0,0,0,0,0,0,0,0,0,0,23,110020467,21,0,Mal_Mod
0,0,0,0,0,0,0,0,0,0,0,0,0,0,0,0,0,0,1031,0,0,0,0,0,0,1,119936925,1030,0,Normal
0,0,0,0,0,0,0,0,23,21,0,0,0,0,0,0,0,0,0,0,0,0,0,0,0,23,110013134,21,0,Mal_Del
0,0,0,0,0,0,0,0,23,21,0,0,0,0,0,0,0,0,0,0,0,0,0,0,0,22,110018952,21,0,Mal_Mod
0,0,0,0,0,0,0,0,23,22,0,0,0,0,0,0,0,0,0,0,0,0,0,0,0,23,110020922,22,0,Mal_Mod2
0,0,0,0,0,0,0,0,23,21,0,0,0,0,0,0,0,0,0,0,0,0,0,0,0,23,110013145,22,0,Mal_Mod2
0,0,0,0,0,0,0,0,23,22,0,0,0,0,0,0,0,0,0,0,0,0,0,0,0,23,110014604,22,0,Mal_Del
0,0,0,0,0,0,0,0,23,22,0,0,0,0,0,0,0,0,0,0,0,0,0,0,0,23,110019369,21,0,Mal_Mod
0,0,0,0,0,0,0,0,23,21,0,0,0,0,0,0,0,0,0,0,0,0,0,0,0,22,110021767,21,0,Mal_Mod
0,0,0,0,0,0,0,0,23,22,0,0,0,0,0,0,0,0,0,0,0,0,0,0,0,23,110012055,22,0,Normal
0,0,0,0,0,0,0,0,22,22,0,0,0,0,0,688,0,0,0,0,0,0,0,0,0,711,119779964,710,0,Normal
0,0,0,0,0,0,0,0,0,0,0,0,0,0,0,0,0,0,0,0,0,0,0,0,0,1,119924037,622,0,Normal
0,0,0,0,0,0,0,0,23,21,0,0,0,0,0,0,0,0,0,0,0,0,0,0,0,23,110016911,21,0,Mal_Del
0,0,0,0,0,0,0,0,816,816,0,0,0,0,0,0,796,795,0,0,0,0,0,0,0,1612,119939607,1611,0,Mal_Estab
0,0,0,0,0,0,0,0,0,0,0,0,0,0,0,0,0,0,1061,0,0,0,0,0,0,1,119811347,1060,0,Normal
0,0,0,0,0,0,0,0,23,22,0,0,0,0,0,0,0,0,0,0,0,0,0,0,0,23,110017711,22,0,Mal_Mod
0,0,0,0,0,0,0,0,23,21,0,0,0,0,0,0,0,0,0,0,0,0,0,0,0,23,110014944,22,0,Mal_Mod
0,0,0,0,0,0,0,0,23,21,0,0,0,0,0,0,0,0,0,0,0,0,0,0,0,22,110011859,22,0,Mal_Mod
0,0,0,0,0,0,0,0,821,820,0,0,0,0,0,0,798,798,0,0,0,0,0,0,0,1620,119925366,1617,0,Mal_Estab
0,0,0,0,0,0,0,0,817,816,0,0,0,0,0,0,794,794,0,0,0,0,0,0,0,1611,119886740,1610,0,Mal_Estab
0,0,0,0,0,0,0,0,23,22,0,0,0,0,0,0,0,0,0,0,0,0,0,0,0,23,110013591,21,0,Mal_Del
0,0,0,0,0,0,0,0,23,22,0,0,0,0,0,0,0,0,0,0,0,0,0,0,0,22,110012834,21,0,Mal_Del
0,0,0,0,0,0,0,0,21,20,0,0,0,0,0,0,0,0,0,0,0,0,0,0,0,21,99010472,20,0,Normal
0,0,0,0,0,0,0,0,23,21,0,0,0,0,0,0,0,0,0,0,0,0,0,0,0,22,110012874,22,0,Mal_Mod2
0,0,0,0,0,0,0,0,818,817,0,0,0,0,0,0,794,794,0,0,0,0,0,0,0,1613,119954431,1610,0,Mal_Estab
0,0,0,0,0,0,0,0,23,22,0,0,0,0,0,0,0,0,0,0,0,0,0,0,0,23,110015186,22,0,Mal_Mod2
0,0,0,0,0,0,0,0,817,816,0,0,0,0,0,0,793,793,0,0,0,0,0,0,0,1610,119901758,1609,0,Mal_Estab
0,0,0,0,0,0,0,0,23,21,0,0,0,0,0,0,0,0,0,0,0,0,0,0,0,23,110014568,22,0,Mal_Mod
0,0,0,0,0,0,0,0,23,21,0,0,0,0,0,0,0,0,0,0,0,0,0,0,0,22,110013544,21,0,Mal_Mod2
0,0,0,0,0,0,0,0,23,21,0,0,0,0,0,0,0,0,0,0,0,0,0,0,0,23,110019950,22,0,Mal_Mod
0,0,0,0,0,0,0,0,23,21,0,0,0,0,0,0,0,0,0,0,0,0,0,0,0,23,110013885,22,0,Mal_Mod2
0,0,0,0,0,0,0,0,23,21,0,0,0,0,0,0,0,0,0,0,0,0,0,0,0,23,110014915,21,0,Mal_Mod2
0,0,0,0,0,0,0,0,23,22,0,0,0,0,0,0,0,0,0,0,0,0,0,0,0,23,110013115,22,0,Mal_Mod2
0,0,0,0,0,0,0,0,820,820,0,0,0,0,0,0,801,800,0,0,0,0,0,0,0,1621,119868990,1620,0,Mal_Estab
0,0,0,0,0,0,0,0,23,22,0,0,0,0,0,0,0,0,0,0,0,0,0,0,0,23,110012788,22,0,Mal_Del
0,0,0,0,0,0,0,0,23,22,0,0,0,0,0,0,0,0,0,0,0,0,0,0,0,23,110013274,22,0,Mal_Del
0,0,0,0,0,0,0,0,23,21,0,0,0,0,0,0,0,0,0,0,0,0,0,0,0,23,110012498,22,0,Mal_Del
0,0,0,0,0,0,0,0,0,0,0,0,0,0,0,0,0,0,1056,0,0,0,0,0,0,1,119939740,1055,0,Normal
0,0,0,0,0,0,0,0,818,818,0,0,0,0,0,0,797,796,0,0,0,0,0,0,0,1615,119902168,1614,0,Mal_Estab
0,0,0,0,0,0,0,0,23,22,0,0,0,0,0,0,0,0,0,0,0,0,0,0,0,23,110016864,22,0,Mal_Mod2
0,0,0,0,0,0,0,0,23,22,0,0,0,0,0,0,0,0,0,0,0,0,0,0,0,23,110013985,21,0,Mal_Del
0,0,0,0,0,0,0,0,23,21,0,0,0,0,0,0,0,0,0,0,0,0,0,0,0,22,110017401,21,0,Mal_Mod
0,0,0,0,0,0,0,0,23,22,0,0,0,0,0,0,0,0,0,0,0,0,0,0,0,22,110016936,21,0,Mal_Mod2
0,0,0,0,0,0,0,0,23,21,0,0,0,0,0,0,0,0,0,0,0,0,0,0,0,23,110013883,22,0,Normal
0,0,0,0,0,0,0,0,23,21,0,0,0,0,0,0,0,0,0,0,0,0,0,0,0,22,110012830,22,0,Mal_Mod2
0,0,0,0,0,0,0,0,23,22,0,0,0,0,0,0,0,0,0,0,0,0,0,0,0,23,110013006,21,0,Mal_Mod
0,0,0,0,0,0,0,0,23,22,0,0,0,0,0,0,0,0,0,0,0,0,0,0,0,23,110016256,22,0,Mal_Mod2
0,0,0,0,0,0,0,0,23,22,0,0,0,0,0,0,0,0,0,0,0,0,0,0,0,23,110014397,21,0,Mal_Mod
0,0,0,0,0,0,0,0,813,813,0,0,0,0,0,0,794,793,0,0,0,0,0,0,0,1607,119961612,1606,0,Mal_Estab
0,0,0,0,0,0,0,0,23,21,0,0,0,0,0,0,0,0,0,0,0,0,0,0,0,23,110014188,22,0,Mal_Del
0,0,0,0,0,0,0,0,23,22,0,0,0,0,0,0,0,0,0,0,0,0,0,0,0,22,110011388,22,0,Mal_Del
0,0,0,0,0,0,0,0,0,0,0,0,0,0,0,0,0,0,1071,0,0,0,0,0,0,1,119968339,1070,0,Normal
0,0,0,0,0,0,0,0,23,22,0,0,0,0,0,0,0,0,0,0,0,0,0,0,0,23,110013519,21,0,Mal_Del
0,0,0,0,0,0,0,0,23,21,0,0,0,0,0,0,0,0,0,0,0,0,0,0,0,23,110014313,22,0,Mal_Mod
0,0,0,0,0,0,0,0,23,22,0,0,0,0,0,0,0,0,0,0,0,0,0,0,0,23,110020774,22,0,Mal_Mod2
0,0,0,0,0,0,0,0,816,816,0,0,0,0,0,0,796,795,0,0,0,0,0,0,0,1612,119862659,1611,0,Mal_Estab
0,0,0,0,0,0,0,0,23,21,0,0,0,0,0,0,0,0,0,0,0,0,0,0,0,23,110017204,21,0,Mal_Mod
0,0,0,0,0,0,0,0,22,22,0,0,0,0,0,0,0,0,1055,1054,0,0,0,0,0,1077,119892271,1076,0,Normal
0,0,0,0,0,0,0,0,23,21,0,0,0,0,0,0,0,0,0,0,0,0,0,0,0,23,110020760,21,0,Mal_Mod2
0,0,0,0,0,0,0,0,23,22,0,0,0,0,0,0,0,0,0,0,0,0,0,0,0,23,110015855,22,0,Mal_Mod
0,0,0,0,0,0,0,0,21,20,0,0,0,0,0,0,0,0,0,0,0,0,0,0,0,21,99012632,20,0,Mal_Mod
0,0,0,0,0,0,0,0,23,21,0,0,0,0,0,0,0,0,0,0,0,0,0,0,0,23,110016883,21,0,Mal_Mod2
0,0,0,0,0,0,0,0,23,21,0,0,0,0,0,0,0,0,0,0,0,0,0,0,0,23,110015463,22,0,Mal_Del
0,0,0,0,0,0,0,0,23,21,0,0,0,0,0,0,0,0,0,0,0,0,0,0,0,23,110013305,22,0,Mal_Mod2
0,0,0,0,0,0,0,0,825,824,0,0,0,0,0,0,801,801,0,0,0,0,0,0,0,1627,119941839,1624,0,Mal_Estab
0,0,0,0,0,0,0,0,23,22,0,0,0,0,0,0,0,0,0,0,0,0,0,0,0,22,110012918,21,0,Mal_Mod
0,0,0,0,0,0,0,0,22,22,0,0,0,0,0,0,0,0,0,1010,0,0,0,0,0,23,119916685,1031,0,Normal
0,0,0,0,0,0,0,0,22,22,0,0,0,0,0,689,0,0,0,0,0,0,0,0,0,23,119852470,710,0,Normal
0,0,0,0,0,0,0,0,23,21,0,0,0,0,0,0,0,0,0,0,0,0,0,0,0,23,110014833,22,0,Mal_Mod2
0,0,0,0,0,0,0,0,23,22,0,0,0,0,0,0,0,0,0,0,0,0,0,0,0,23,110012115,22,0,Mal_Mod
0,0,0,0,0,0,0,0,23,21,0,0,0,0,0,0,0,0,0,0,0,0,0,0,0,23,110014322,22,0,Mal_Mod2
0,0,0,0,0,0,0,0,23,21,0,0,0,0,0,0,0,0,0,0,0,0,0,0,0,22,110014957,22,0,Mal_Estab
0,0,0,0,0,0,0,0,818,818,0,0,0,0,0,0,797,796,0,0,0,0,0,0,0,1615,119966426,1614,0,Mal_Estab
0,0,0,0,0,0,0,0,23,21,0,0,0,0,0,0,0,0,0,0,0,0,0,0,0,23,110017153,22,0,Mal_Del
0,0,0,0,0,0,0,0,23,22,0,0,0,0,0,0,0,0,0,0,0,0,0,0,0,23,110014399,22,0,Mal_Del
0,0,0,0,0,0,0,0,23,22,0,0,0,0,0,0,0,0,0,0,0,0,0,0,0,22,110013522,22,0,Mal_Mod2
0,0,0,0,0,0,0,0,23,21,0,0,0,0,0,0,0,0,0,0,0,0,0,0,0,23,110012449,22,0,Mal_Mod2
0,0,0,0,0,0,0,0,0,0,0,0,0,0,0,0,0,0,0,0,0,0,0,0,0,1,119823580,686,0,Normal
0,0,0,0,0,0,0,0,23,22,0,0,0,0,0,0,0,0,0,0,0,0,0,0,0,22,110022154,21,0,Mal_Mod2
0,0,0,0,0,0,0,0,23,21,0,0,0,0,0,0,0,0,0,0,0,0,0,0,0,23,110012059,21,0,Normal
0,0,0,0,0,0,0,0,23,21,0,0,0,0,0,0,0,0,0,0,0,0,0,0,0,23,110012265,22,0,Mal_Mod
0,0,0,0,0,0,0,0,23,21,0,0,0,0,0,0,0,0,0,0,0,0,0,0,0,23,110013907,22,0,Mal_Del
0,0,0,0,0,0,0,0,23,21,0,0,0,0,0,0,0,0,0,0,0,0,0,0,0,23,110011368,22,0,Normal
0,0,0,0,0,0,0,0,23,22,0,0,0,0,0,0,0,0,0,0,0,0,0,0,0,22,110018554,22,0,Mal_Mod2
0,0,0,0,0,0,0,0,23,22,0,0,0,0,0,0,0,0,0,0,0,0,0,0,0,23,110013870,22,0,Mal_Mod2
0,0,0,0,0,0,0,0,23,21,0,0,0,0,0,0,0,0,0,0,0,0,0,0,0,23,110014420,21,0,Mal_Del
0,0,0,0,0,0,0,0,23,22,0,0,0,0,0,0,0,0,0,0,0,0,0,0,0,22,110026166,21,0,Mal_Mod
0,0,0,0,0,0,0,0,23,21,0,0,0,0,0,0,0,0,0,0,0,0,0,0,0,23,110014554,21,0,Mal_Mod2
0,0,0,0,0,0,0,0,22,21,0,0,0,0,0,681,0,0,0,0,0,0,0,0,0,703,119815966,704,0,Normal
0,0,0,0,0,0,0,0,23,21,0,0,0,0,0,0,0,0,0,0,0,0,0,0,0,22,110012520,22,0,Mal_Mod
0,0,0,0,0,0,0,0,23,21,0,0,0,0,0,0,0,0,0,0,0,0,0,0,0,22,110015507,22,0,Mal_Del
0,0,0,0,0,0,0,0,23,22,0,0,0,0,0,1,1,1,1,1,0,0,0,0,0,26,110025139,25,0,Mal_Mod2
0,0,0,0,0,0,0,0,23,21,0,0,0,0,0,0,0,0,0,0,0,0,0,0,0,23,110012539,22,0,Mal_Mod2
0,0,0,0,0,0,0,0,23,22,0,0,0,0,0,0,0,0,0,0,0,0,0,0,0,23,110014650,22,0,Mal_Mod
0,0,0,0,0,0,0,0,23,21,0,0,0,0,0,0,0,0,0,0,0,0,0,0,0,23,110012455,22,0,Mal_Del
0,0,0,0,0,0,0,0,23,22,0,0,0,0,0,0,0,0,0,0,0,0,0,0,0,23,110012519,21,0,Mal_Del
0,0,0,0,0,0,0,0,821,821,0,0,0,0,0,0,801,800,0,0,0,0,0,0,0,1622,119915521,1621,0,Mal_Estab
0,0,0,0,0,0,0,0,815,815,0,0,0,0,0,0,794,793,0,0,0,0,0,0,0,1609,119926823,1608,0,Mal_Estab
0,0,0,0,0,0,0,0,773,773,0,0,0,0,0,0,752,751,0,0,0,0,0,0,0,1525,119899897,1524,0,Mal_Estab
0,0,0,0,0,0,0,0,816,816,0,0,0,0,0,0,796,795,0,0,0,0,0,0,0,1612,119911676,1611,0,Mal_Estab
0,0,0,0,0,0,0,0,23,21,0,0,0,0,0,0,0,0,0,0,0,0,0,0,0,23,110014932,21,0,Mal_Del
0,0,0,0,0,0,0,0,22,22,0,0,0,0,0,0,0,0,1049,1048,0,0,0,0,0,1071,119941856,1070,0,Normal
0,0,0,0,0,0,0,0,23,22,0,0,0,0,0,0,0,0,0,0,0,0,0,0,0,23,110012507,21,0,Mal_Mod2
0,0,0,0,0,0,0,0,0,0,0,0,0,0,0,0,0,0,1003,0,0,0,0,0,0,1,119887870,1002,0,Normal
0,0,0,0,0,0,0,0,0,0,0,0,0,0,0,0,0,0,924,0,0,0,0,0,0,1,119771990,923,0,Normal
0,0,0,0,0,0,0,0,816,815,0,0,0,0,0,0,792,792,0,0,0,0,0,0,0,1608,119856070,1607,0,Mal_Estab
0,0,0,0,0,0,0,0,23,22,0,0,0,0,0,0,0,0,0,0,0,0,0,0,0,23,110011393,22,0,Mal_Del
0,0,0,0,0,0,0,0,23,22,0,0,0,0,0,0,0,0,0,0,0,0,0,0,0,23,110015492,22,0,Mal_Del
0,0,0,0,0,0,0,0,818,818,0,0,0,0,0,0,797,796,0,0,0,0,0,0,0,1615,119954414,1614,0,Mal_Estab
0,0,0,0,0,0,0,0,23,21,0,0,0,0,0,0,0,0,0,0,0,0,0,0,0,23,110012325,22,0,Normal
0,0,0,0,0,0,0,0,23,22,0,0,0,0,0,0,0,0,0,0,0,0,0,0,0,23,110014472,22,0,Mal_Mod2
0,0,0,0,0,0,0,0,23,22,0,0,0,0,0,0,0,0,0,0,0,0,0,0,0,23,110015283,22,0,Mal_Del
0,0,0,0,0,0,0,0,23,21,0,0,0,0,0,0,0,0,0,0,0,0,0,0,0,23,110011222,22,0,Mal_Mod2
0,0,0,0,0,0,0,0,23,21,0,0,0,0,0,0,0,0,0,0,0,0,0,0,0,23,110013315,22,0,Mal_Del
0,0,0,0,0,0,0,0,21,20,0,0,0,0,0,0,0,0,0,0,0,0,0,0,0,21,99014907,20,0,Mal_Mod
0,0,0,0,0,0,0,0,817,817,0,0,0,0,0,0,796,795,0,0,0,0,0,0,0,1613,119876358,1612,0,Mal_Estab
0,0,0,0,0,0,0,0,23,22,0,0,0,0,0,0,0,0,0,0,0,0,0,0,0,23,110011454,21,0,Mal_Del
0,0,0,0,0,0,0,0,812,812,0,0,0,0,0,0,791,790,0,0,0,0,0,0,0,1603,119911270,1602,0,Mal_Estab
0,0,0,0,0,0,0,0,23,22,0,0,0,0,0,0,0,0,0,0,0,0,0,0,0,22,110019442,22,0,Mal_Mod2
0,0,0,0,0,0,0,0,23,21,0,0,0,0,0,0,0,0,0,0,0,0,0,0,0,23,110020842,22,0,Mal_Mod
0,0,0,0,0,0,0,0,21,20,0,0,0,0,0,0,0,0,0,0,0,0,0,0,0,21,99014588,20,0,Mal_Mod2
0,0,0,0,0,0,0,0,816,816,0,0,0,0,0,0,795,794,0,0,0,0,0,0,0,1611,119946178,1610,0,Mal_Estab
0,0,0,0,0,0,0,0,23,21,0,0,0,0,0,0,0,0,0,0,0,0,0,0,0,23,110011867,22,0,Mal_Del
0,0,0,0,0,0,0,0,23,21,0,0,0,0,0,0,0,0,0,0,0,0,0,0,0,23,110013157,22,0,Mal_Mod
0,0,0,0,0,0,0,0,819,819,0,0,0,0,0,0,798,797,0,0,0,0,0,0,0,1617,119924693,1616,0,Mal_Estab
0,0,0,0,0,0,0,0,816,816,0,0,0,0,0,0,795,794,0,0,0,0,0,0,0,1611,119904325,1610,0,Mal_Estab
0,0,0,0,0,0,0,0,23,21,0,0,0,0,0,0,0,0,0,0,0,0,0,0,0,23,110014319,22,0,Mal_Del
0,0,0,0,0,0,0,0,23,21,0,0,0,0,0,0,0,0,0,0,0,0,0,0,0,23,110012432,21,0,Mal_Mod
0,0,0,0,0,0,0,0,23,22,0,0,0,0,0,0,0,0,0,0,0,0,0,0,0,23,110017121,22,0,Mal_Mod
0,0,0,0,0,0,0,0,23,22,0,0,0,0,0,0,0,0,0,0,0,0,0,0,0,23,110010299,22,0,Mal_Del
0,0,0,0,0,0,0,0,23,21,0,0,0,0,0,0,0,0,0,0,0,0,0,0,0,23,110010935,22,0,Mal_Mod
0,0,0,0,0,0,0,0,0,0,0,0,0,0,0,0,0,0,1022,0,0,0,0,0,0,1,119952781,1021,0,Normal
0,0,0,0,0,0,0,0,23,22,0,0,0,0,0,0,0,0,0,0,0,0,0,0,0,23,110012317,22,0,Mal_Del
0,0,0,0,0,0,0,0,820,820,0,0,0,0,0,0,800,799,0,0,0,0,0,0,0,1620,119955616,1619,0,Mal_Estab
0,0,0,0,0,0,0,0,23,22,0,0,0,0,0,0,0,0,0,0,0,0,0,0,0,23,110016218,22,0,Mal_Mod2
0,0,0,0,0,0,0,0,23,22,0,0,0,0,0,0,0,0,0,0,0,0,0,0,0,23,110013715,22,0,Mal_Mod2
0,0,0,0,0,0,0,0,23,22,0,0,0,0,0,0,0,0,0,0,0,0,0,0,0,22,110014747,22,0,Mal_Del
0,0,0,0,0,0,0,0,0,0,0,0,0,0,0,0,0,0,1037,0,0,0,0,0,0,1,119867625,1036,0,Normal
0,0,0,0,0,0,0,0,23,22,0,0,0,0,0,0,0,0,0,0,0,0,0,0,0,23,110018184,22,0,Mal_Mod
0,0,0,0,0,0,0,0,23,22,0,0,0,0,0,0,0,0,0,0,0,0,0,0,0,22,110012583,21,0,Mal_Mod2
0,0,0,0,0,0,0,0,23,22,0,0,0,0,0,0,0,0,0,0,0,0,0,0,0,23,110028266,22,0,Mal_Mod2
0,0,0,0,0,0,0,0,22,22,0,0,0,0,0,0,0,0,1026,1025,0,0,0,0,0,1048,119995743,1047,0,Normal
0,0,0,0,0,0,0,0,23,22,0,0,0,0,0,0,0,0,0,0,0,0,0,0,0,22,110015488,21,0,Mal_Mod
0,0,0,0,0,0,0,0,23,22,0,0,0,0,0,0,0,0,0,0,0,0,0,0,0,23,110018776,21,0,Mal_Mod2
0,0,0,0,0,0,0,0,23,21,0,0,0,0,0,0,0,0,0,0,0,0,0,0,0,23,110020815,21,0,Mal_Mod2
0,0,0,0,0,0,0,0,23,21,0,0,0,0,0,0,0,0,0,0,0,0,0,0,0,23,110020920,21,0,Mal_Del
0,0,0,0,0,0,0,0,21,20,0,0,0,0,0,0,0,0,0,0,0,0,0,0,0,21,99015564,20,0,Mal_Mod
0,0,0,0,0,0,0,0,22,22,0,0,0,0,0,0,0,0,0,872,0,0,0,0,0,23,119835859,893,0,Normal
0,0,0,0,0,0,0,0,22,22,0,0,0,0,0,0,0,0,1024,1023,0,0,0,0,0,1046,119860542,1045,0,Normal
0,0,0,0,0,0,0,0,23,21,0,0,0,0,0,0,0,0,0,0,0,0,0,0,0,23,110016845,21,0,Mal_Mod
0,0,0,0,0,0,0,0,788,788,0,0,0,0,0,0,767,766,0,0,0,0,0,0,0,1555,119951412,1554,0,Mal_Estab
0,0,0,0,0,0,0,0,23,21,0,0,0,0,0,0,0,0,0,0,0,0,0,0,0,22,110015265,22,0,Mal_Mod
0,0,0,0,0,0,0,0,23,22,0,0,0,0,0,0,0,0,0,0,0,0,0,0,0,23,110019843,22,0,Mal_Del
0,0,0,0,0,0,0,0,21,20,0,0,0,0,0,0,0,0,0,0,0,0,0,0,0,21,99014273,20,0,Mal_Mod
0,0,0,0,0,0,0,0,23,22,0,0,0,0,0,0,0,0,0,0,0,0,0,0,0,23,110013788,22,0,Mal_Del
0,0,0,0,0,0,0,0,23,21,0,0,0,0,0,0,0,0,0,0,0,0,0,0,0,22,110012032,22,0,Mal_Del
0,0,0,0,0,0,0,0,23,22,0,0,0,0,0,0,0,0,0,0,0,0,0,0,0,23,110019090,22,0,Mal_Mod
0,0,0,0,0,0,0,0,23,22,0,0,0,0,0,0,0,0,0,0,0,0,0,0,0,23,110012456,21,0,Mal_Mod
0,0,0,0,0,0,0,0,23,22,0,0,0,0,0,0,0,0,0,0,0,0,0,0,0,23,110012089,22,0,Mal_Mod
0,0,0,0,0,0,0,0,815,815,0,0,0,0,0,0,797,796,0,0,0,0,0,0,0,1612,119944586,1611,0,Mal_Estab
0,0,0,0,0,0,0,0,23,21,0,0,0,0,0,0,0,0,0,0,0,0,0,0,0,23,110015699,21,0,Mal_Del
0,0,0,0,0,0,0,0,23,21,0,0,0,0,0,0,0,0,0,0,0,0,0,0,0,23,110015622,22,0,Mal_Mod2
0,0,0,0,0,0,0,0,23,21,0,0,0,0,0,0,0,0,0,0,0,0,0,0,0,23,110014017,22,0,Mal_Del
0,0,0,0,0,0,0,0,23,21,0,0,0,0,0,0,0,0,0,0,0,0,0,0,0,22,110015598,22,0,Mal_Mod2
0,0,0,0,0,0,0,0,23,21,0,0,0,0,0,0,0,0,0,0,0,0,0,0,0,23,110011267,22,0,Mal_Del
0,0,0,0,0,0,0,0,23,22,0,0,0,0,0,0,0,0,0,0,0,0,0,0,0,23,110013649,22,0,Mal_Del
0,0,0,0,0,0,0,0,23,22,0,0,0,0,0,0,0,0,0,0,0,0,0,0,0,22,110013889,22,0,Mal_Del
0,0,0,0,0,0,0,0,23,21,0,0,0,0,0,0,0,0,0,0,0,0,0,0,0,23,110016665,22,0,Mal_Mod2
0,0,0,0,0,0,0,0,21,20,0,0,0,0,0,0,0,0,0,0,0,0,0,0,0,21,99012022,20,0,Mal_Mod
0,0,0,0,0,0,0,0,22,22,0,0,0,0,0,0,0,0,0,1022,0,0,0,0,0,23,119854611,1043,0,Normal
0,0,0,0,0,0,0,0,768,767,0,0,0,0,0,0,747,747,0,0,0,0,0,0,0,1515,119907615,1514,0,Mal_Estab
0,0,0,0,0,0,0,0,23,21,0,0,0,0,0,0,0,0,0,0,0,0,0,0,0,23,110013390,22,0,Mal_Mod2
0,0,0,0,0,0,0,0,23,21,0,0,0,0,0,0,0,0,0,0,0,0,0,0,0,22,110014133,22,0,Mal_Mod2
0,0,0,0,0,0,0,0,821,821,0,0,0,0,0,0,800,799,0,0,0,0,0,0,0,1621,119888246,1620,0,Mal_Estab
0,0,0,0,0,0,0,0,23,22,0,0,0,0,0,0,0,0,0,0,0,0,0,0,0,23,110012173,22,0,Mal_Del
0,0,0,0,0,0,0,0,23,22,0,0,0,0,0,0,0,0,0,0,0,0,0,0,0,23,110011018,22,0,Mal_Mod2
0,0,0,0,0,0,0,0,782,782,0,0,0,0,0,0,761,760,0,0,0,0,0,0,0,1543,119858189,1542,0,Mal_Estab
0,0,0,0,0,0,0,0,21,21,0,0,0,0,0,0,0,0,0,812,0,0,0,0,0,22,119936096,832,0,Normal
0,0,0,0,0,0,0,0,23,21,0,0,0,0,0,0,0,0,0,0,0,0,0,0,0,22,110014610,22,0,Mal_Mod2
0,0,0,0,0,0,0,0,23,21,0,0,0,0,0,0,0,0,0,0,0,0,0,0,0,23,110013734,22,0,Mal_Mod
0,0,0,0,0,0,0,0,0,0,0,0,0,0,0,0,0,0,1025,0,0,0,0,0,0,1,119804118,1024,0,Normal
0,0,0,0,0,0,0,0,22,22,0,0,0,0,0,687,0,0,0,0,0,0,0,0,0,23,119944070,708,0,Normal
0,0,0,0,0,0,0,0,23,22,0,0,0,0,0,0,0,0,0,0,0,0,0,0,0,22,110014067,22,0,Mal_Mod2
0,0,0,0,0,0,0,0,23,21,0,0,0,0,0,0,0,0,0,0,0,0,0,0,0,23,110014594,22,0,Mal_Mod2
0,0,0,0,0,0,0,0,818,818,0,0,0,0,0,0,798,797,0,0,0,0,0,0,0,1616,119917461,1615,0,Mal_Estab
0,0,0,0,0,0,0,0,23,21,0,0,0,0,0,0,0,0,0,0,0,0,0,0,0,23,110013499,22,0,Mal_Mod2
0,0,0,0,0,0,0,0,23,21,0,0,0,0,0,0,0,0,0,0,0,0,0,0,0,22,110011333,22,0,Mal_Mod
0,0,0,0,0,0,0,0,796,796,0,0,0,0,0,0,778,777,0,0,0,0,0,0,0,1574,119903512,1573,0,Mal_Estab
0,0,0,0,0,0,0,0,21,20,0,0,0,0,0,0,0,0,0,0,0,0,0,0,0,21,99014928,20,0,Mal_Mod
0,0,0,0,0,0,0,0,23,21,0,0,0,0,0,0,0,0,0,0,0,0,0,0,0,23,110013487,22,0,Mal_Del
0,0,0,0,0,0,0,0,22,22,0,0,0,0,0,0,0,0,1032,1031,0,0,0,0,0,1054,119811734,1053,0,Normal
0,0,0,0,0,0,0,0,813,812,0,0,0,0,0,0,789,789,0,0,0,0,0,0,0,1602,119955922,1601,0,Mal_Estab
0,0,0,0,0,0,0,0,23,22,0,0,0,0,0,0,0,0,0,0,0,0,0,0,0,22,110012549,21,0,Mal_Mod
0,0,0,0,0,0,0,0,818,818,0,0,0,0,0,0,797,796,0,0,0,0,0,0,0,1615,119921594,1614,0,Mal_Estab
0,0,0,0,0,0,0,0,801,801,0,0,0,0,0,0,781,780,0,0,0,0,0,0,0,1582,119922578,1581,0,Mal_Estab
0,0,0,0,0,0,0,0,23,22,0,0,0,0,0,0,0,0,0,0,0,0,0,0,0,23,110019256,22,0,Mal_Mod2
0,0,0,0,0,0,0,0,23,22,0,0,0,0,0,0,0,0,0,0,0,0,0,0,0,23,110013288,22,0,Mal_Del
0,0,0,0,0,0,0,0,818,818,0,0,0,0,0,0,798,797,0,0,0,0,0,0,0,1616,119945508,1615,0,Mal_Estab
0,0,0,0,0,0,0,0,21,20,0,0,0,0,0,0,0,0,0,0,0,0,0,0,0,21,99013063,20,0,Mal_Del
0,0,0,0,0,0,0,0,23,21,0,0,0,0,0,0,0,0,0,0,0,0,0,0,0,23,110013932,21,0,Mal_Del
0,0,0,0,0,0,0,0,23,21,0,0,0,0,0,0,0,0,0,0,0,0,0,0,0,23,110015727,22,0,Mal_Mod
0,0,0,0,0,0,0,0,23,22,0,0,0,0,0,0,0,0,0,0,0,0,0,0,0,23,110012848,22,0,Mal_Del
0,0,0,0,0,0,0,0,23,22,0,0,0,0,0,0,0,0,0,0,0,0,0,0,0,22,110017513,22,0,Normal
0,0,0,0,0,0,0,0,23,21,0,0,0,0,0,0,0,0,0,0,0,0,0,0,0,22,110012213,21,0,Mal_Mod
0,0,0,0,0,0,0,0,825,825,0,0,0,0,0,0,804,803,0,0,0,0,0,0,0,1629,119943826,1628,0,Mal_Estab
0,0,0,0,0,0,0,0,23,21,0,0,0,0,0,0,0,0,0,0,0,0,0,0,0,23,110012474,21,0,Mal_Del
0,0,0,0,0,0,0,0,23,22,0,0,0,0,0,0,0,0,0,0,0,0,0,0,0,23,110014369,22,0,Mal_Del
0,0,0,0,0,0,0,0,23,22,0,0,0,0,0,0,0,0,0,0,0,0,0,0,0,23,110013416,22,0,Mal_Mod
0,0,0,0,0,0,0,0,23,22,0,0,0,0,0,0,0,0,0,0,0,0,0,0,0,22,110014030,22,0,Mal_Mod
0,0,0,0,0,0,0,0,22,22,0,0,0,0,0,0,0,0,0,1010,0,0,0,0,0,23,119916685,1031,0,Normal
0,0,0,0,0,0,0,0,23,22,0,0,0,0,0,0,0,0,0,0,0,0,0,0,0,23,110013782,22,0,Mal_Del
0,0,0,0,0,0,0,0,21,20,0,0,0,0,0,0,0,0,0,0,0,0,0,0,0,21,99011187,20,0,Mal_Mod2
0,0,0,0,0,0,0,0,23,22,0,0,0,0,0,0,0,0,0,0,0,0,0,0,0,23,110011610,22,0,Mal_Del
0,0,0,0,0,0,0,0,23,21,0,0,0,0,0,0,0,0,0,0,0,0,0,0,0,23,110012992,21,0,Mal_Del
0,0,0,0,0,0,0,0,21,20,0,0,0,0,0,0,0,0,0,0,0,0,0,0,0,21,99012511,20,0,Normal
0,0,0,0,0,0,0,0,0,0,0,0,0,0,0,0,0,0,0,0,0,0,0,0,0,1,119851835,618,0,Normal
0,0,0,0,0,0,0,0,818,818,0,0,0,0,0,0,797,796,0,0,0,0,0,0,0,1615,119932633,1614,0,Mal_Estab
0,0,0,0,0,0,0,0,816,816,0,0,0,0,0,0,795,794,0,0,0,0,0,0,0,1611,119932742,1610,0,Mal_Estab
0,0,0,0,0,0,0,0,23,21,0,0,0,0,0,0,0,0,0,0,0,0,0,0,0,23,110012067,21,0,Mal_Del
0,0,0,0,0,0,0,0,22,22,0,0,0,0,0,0,0,0,0,1026,0,0,0,0,0,23,119895655,1047,0,Normal
0,0,0,0,0,0,0,0,814,813,0,0,0,0,0,0,790,790,0,0,0,0,0,0,0,1605,119972858,1602,0,Mal_Estab
0,0,0,0,0,0,0,0,23,21,0,0,0,0,0,0,0,0,0,0,0,0,0,0,0,23,110012077,22,0,Mal_Del
0,0,0,0,0,0,0,0,22,22,0,0,0,0,0,0,0,0,0,1038,0,0,0,0,0,23,119878845,1059,0,Normal
0,0,0,0,0,0,0,0,818,818,0,0,0,0,0,0,798,797,0,0,0,0,0,0,0,1616,119913537,1615,0,Mal_Estab
0,0,0,0,0,0,0,0,800,800,0,0,0,0,0,0,780,779,0,0,0,0,0,0,0,1580,119935028,1579,0,Mal_Estab
0,0,0,0,0,0,0,0,21,20,0,0,0,0,0,0,0,0,0,0,0,0,0,0,0,21,99011888,20,0,Mal_Del
0,0,0,0,0,0,0,0,22,22,0,0,0,0,0,0,0,0,0,1021,0,0,0,0,0,23,119895389,1042,0,Normal
0,0,0,0,0,0,0,0,23,22,0,0,0,0,0,0,0,0,0,0,0,0,0,0,0,23,110016236,22,0,Mal_Mod2
0,0,0,0,0,0,0,0,22,22,0,0,0,0,0,685,0,0,0,0,0,0,0,0,0,708,119919987,707,0,Normal
0,0,0,0,0,0,0,0,23,21,0,0,0,0,0,0,0,0,0,0,0,0,0,0,0,23,110021051,22,0,Mal_Mod2
0,0,0,0,0,0,0,0,23,21,0,0,0,0,0,0,0,0,0,0,0,0,0,0,0,23,110012141,22,0,Mal_Del
0,0,0,0,0,0,0,0,23,21,0,0,0,0,0,0,0,0,0,0,0,0,0,0,0,23,110020996,21,0,Mal_Mod
0,0,0,0,0,0,0,0,23,22,0,0,0,0,0,0,0,0,0,0,0,0,0,0,0,23,110016447,22,0,Mal_Mod
0,0,0,0,0,0,0,0,21,20,0,0,0,0,0,0,0,0,0,0,0,0,0,0,0,21,99013114,20,0,Mal_Mod
0,0,0,0,0,0,0,0,804,803,0,0,0,0,0,0,780,780,0,0,0,0,0,0,0,1584,119929993,1583,0,Mal_Estab
0,0,0,0,0,0,0,0,821,820,0,0,0,0,0,0,797,797,0,0,0,0,0,0,0,1618,119872058,1617,0,Mal_Estab
0,0,0,0,0,0,0,0,23,22,0,0,0,0,0,0,0,0,0,0,0,0,0,0,0,23,110014288,22,0,Mal_Del
0,0,0,0,0,0,0,0,23,21,0,0,0,0,0,0,0,0,0,0,0,0,0,0,0,23,110011878,22,0,Normal
0,0,0,0,0,0,0,0,21,20,0,0,0,0,0,0,0,0,0,0,0,0,0,0,0,21,99011762,20,0,Mal_Mod2
0,0,0,0,0,0,0,0,23,22,0,0,0,0,0,0,0,0,0,0,0,0,0,0,0,23,110016303,22,0,Mal_Mod
0,0,0,0,0,0,0,0,800,800,0,0,0,0,0,0,779,778,0,0,0,0,0,0,0,1579,119924554,1578,0,Mal_Estab
0,0,0,0,0,0,0,0,23,22,0,0,0,0,0,0,0,0,0,0,0,0,0,0,0,23,110013947,22,0,Mal_Mod
0,0,0,0,0,0,0,0,776,776,0,0,0,0,0,0,755,754,0,0,0,0,0,0,0,1531,119833367,1530,0,Mal_Estab
0,0,0,0,0,0,0,0,23,21,0,0,0,0,0,0,0,0,0,0,0,0,0,0,0,23,110011651,22,0,Mal_Del
0,0,0,0,0,0,0,0,23,21,0,0,0,0,0,0,0,0,0,0,0,0,0,0,0,22,110018117,22,0,Mal_Mod
0,0,0,0,0,0,0,0,23,22,0,0,0,0,0,0,0,0,0,0,0,0,0,0,0,23,110015864,22,0,Mal_Mod2
0,0,0,0,0,0,0,0,818,817,0,0,0,0,0,0,795,795,0,0,0,0,0,0,0,1613,119950442,1612,0,Mal_Estab
0,0,0,0,0,0,0,0,812,811,0,0,0,0,0,0,789,789,0,0,0,0,0,0,0,1601,119847435,1600,0,Mal_Estab
0,0,0,0,0,0,0,0,0,0,0,0,0,0,0,0,0,0,0,0,0,0,0,0,0,1,119932044,689,0,Normal
0,0,0,0,0,0,0,0,811,811,0,0,0,0,0,0,790,789,0,0,0,0,0,0,0,1601,119884791,1600,0,Mal_Estab
0,0,0,0,0,0,0,0,21,20,0,0,0,0,0,0,0,0,0,0,0,0,0,0,0,21,99013788,20,0,Mal_Mod2
0,0,0,0,0,0,0,0,23,21,0,0,0,0,0,0,0,0,0,0,0,0,0,0,0,22,110016232,21,0,Mal_Mod
0,0,0,0,0,0,0,0,21,21,0,0,0,0,0,0,0,0,0,812,0,0,0,0,0,22,119936096,832,0,Normal
0,0,0,0,0,0,0,0,829,829,0,0,0,0,0,0,809,808,0,0,0,0,0,0,0,1638,119920243,1637,0,Mal_Estab
0,0,0,0,0,0,0,0,23,22,0,0,0,0,0,0,0,0,0,0,0,0,0,0,0,23,110022072,22,0,Mal_Mod
0,0,0,0,0,0,0,0,23,22,0,0,0,0,0,0,0,0,0,0,0,0,0,0,0,23,110014939,22,0,Mal_Mod
0,0,0,0,0,0,0,0,23,21,0,0,0,0,0,0,0,0,0,0,0,0,0,0,0,23,110011668,22,0,Mal_Del
0,0,0,0,0,0,0,0,21,20,0,0,0,0,0,0,0,0,0,0,0,0,0,0,0,21,99012610,20,0,Mal_Mod2
0,0,0,0,0,0,0,0,825,825,0,0,0,0,0,0,805,804,0,0,0,0,0,0,0,1630,119976485,1629,0,Mal_Estab
0,0,0,0,0,0,0,0,23,22,0,0,0,0,0,0,0,0,0,0,0,0,0,0,0,23,110012344,22,0,Mal_Mod2
0,0,0,0,0,0,0,0,23,22,0,0,0,0,0,0,0,0,0,0,0,0,0,0,0,23,110011156,22,0,Mal_Mod
0,0,0,0,0,0,0,0,23,21,0,0,0,0,0,0,0,0,0,0,0,0,0,0,0,23,110012543,22,0,Mal_Mod2
0,0,0,0,0,0,0,0,21,20,0,0,0,0,0,0,0,0,0,0,0,0,0,0,0,21,99010808,20,0,Mal_Mod
0,0,0,0,0,0,0,0,0,0,0,0,0,0,0,0,0,0,1043,0,0,0,0,0,0,1,119864399,1042,0,Normal
0,0,0,0,0,0,0,0,22,22,0,0,0,0,0,699,0,0,0,0,0,0,0,0,0,23,119935970,720,0,Normal
